Polish,English
nie,no
to,this
się,myself
w,in
na,on
i,and
że,that
z,With
co,What
jest,is
do,down
tak,Yes
o,about
jak,how
ale,but
a,and
mnie,me
mi,to me
za,behind
ja,I
tym,this
tego,this
go,him
ci,these
po,after
tylko,just
czy,if
tu,here
może,maybe
jestem,I am
ma,has
ty,you
cię,you
mam,I have
jesteś,you are
już,already
jeśli,if
dla,for
wiem,I know
coś,something
dobrze,Okay
więc,so
od,from
teraz,now
pan,Mr
wszystko,all
być,to be
będzie,will be
masz,you have
nic,Thread
tam,over there
mogę,I can
proszę,please
jej,her
są,are
gdzie,where
kiedy,when
ten,this
on,he
ciebie,you
by,so
sobie,herself
ze,with
był,was
wiesz,you know
bardzo,very
było,was
przez,by
jego,his
ją,I
chcę,want
dlaczego,why
pani,you
jeszcze,still
mój,my
nas,us
żeby,in order to
no,yeah
bo,because
chcesz,you want
ich,their
też,also
tutaj,here
naprawdę,really
nigdy,never
mamy,we have
kto,who
możesz,you can
dobra,Okay
przepraszam,sorry
mu,him
gdy,when
muszę,I have to
porządku,order
dziękuję,thank you
nawet,even
chyba,I guess
domu,house
ona,she
prawda,true
zrobić,to do
była,was
właśnie,exactly
będę,I'll be
zawsze,always
hej,Hi
nim,him
nam,U.S
te,these
moja,my
musisz,you have to
je,them
dzięki,thanks
bez,without
tej,this
trochę,a bit
ktoś,someone
panie,ladies
jesteśmy,we're
moje,my
powiedzieć,tell
który,which
czas,time
więcej,more
twój,your
musimy,we must
lat,years
ta,this
chce,I want
możemy,We can
wszyscy,all
tobą,you
albo,or
prostu,just
chodzi,it comes
razem,together
stało,stood
cześć,hi
mną,me
czego,what
sam,alone
myślę,I think
pana,Mr
przed,before
boże,God
raz,once
czemu,why
będziesz,you will
niż,than
ludzie,people
dalej,next
czym,what
was,mustache
dobry,good
przy,by
ludzi,people
dzień,day
życie,life
lepiej,better
miał,had
rzeczy,stuff
twoja,your
czasu,time
ok,okay
temu,ago
robisz,you do
myślisz,you think
kim,Who is
niech,let
które,which
oczywiście,of course
siebie,myself
niego,him
cóż,well
powiedział,He said
u,at
daj,give
moim,my
chodź,come on
musi,has to
my,we
nikt,no one
twoje,your
tych,these
pod,under
dlatego,this is why
pewnie,sure
powiedz,say
aby,to
wtedy,then
wygląda,looks like
jeden,one
mojego,my
im,them
mówi,says
dziś,today
taki,such
mieć,to have
jako,as
dwa,two
potem,later
wie,knows
takie,such
nią,her
wszystkie,all
znaczy,means
rozumiem,I understand
dzieje,history
moją,my
będziemy,we will be
wiele,many
stąd,hence
oni,they
mojej,mine
miejsce,place
iść,to go
kilka,a few
pomóc,help
dużo,a lot of
ile,how much
jasne,bright
byłem,I was
swoje,own
myśli,thinks
cały,whole
skąd,from where
wiedzieć,know
dzieci,kids
nich,them
która,which
wam,you
przykro,sorry
można,you can
jakieś,some
tę,these
wszystkich,all
nad,above
jakiś,some
sposób,way
trzeba,it's necessary to
mają,have
niej,her
pracy,work
kogoś,someone
tyle,so much
robić,do
bardziej,more
mówisz,you speak
zanim,before
zbyt,too
szybko,quick
dzisiaj,today
tobie,you
takiego,such
świetnie,Great
zobaczyć,see
zaraz,in a minute
pewno,surely
miałem,I had
kocham,I love
mówię,I say
nadal,still
jaki,what
rację,right
kochanie,baby
myślałem,I thought
trzy,three
ojciec,father
ani,or
robi,do
stanie,state
tą,this
później,later
ponieważ,because
idź,go
życia,life
twoim,yours
przestań,stop
sie,myself
swoją,his
chciałem,I wanted
długo,long
mamo,mum
kiedyś,Once
cholera,cholera
wciąż,still
nadzieję,hope
aż,until
będą,will be
jutro,tomorrow
każdy,everyone
dni,days
problem,problem
widzę,I see
mógł,could
stary,old
taka,such
żebyś,that you
widzisz,you see
twojej,your
tato,dad
potrzebuję,need
znowu,again
kurwa,whore
dziecko,kid
nocy,night
znaleźć,found
sama,alone
dokładnie,exactly
dnia,day
oh,oh
pierwszy,first
czuję,I feel
pieniądze,money
powiem,I will say
zrobił,he did
nami,us
miała,she had
twoją,your
gdyby,if
nasz,our
nasze,our
razie,in time in time?
samo,itself
były,former
dobre,good
słuchaj,listen
koniec,end
chciał,he wanted
widziałem,I saw
jakie,what
wszystkim,everyone
znam,I know
wcześniej,earlier
spokój,composure
chwilę,moments
mama,mom
sobą,ourselves
zostać,stay
został,left
wy,you
czegoś,something
żyje,is alive
mówić,to talk
bym,that would
którzy,who
porozmawiać,talk
spójrz,look
roku,year
mogą,may
chciałbym,I'd like
zabić,kill
poza,apart from
dom,House
we,in
imię,name
twojego,yours
lub,or
och,oh
miło,nice
którą,which
kogo,whom
sir,sir
minut,minutes
jakby,as if
prawie,almost
drzwi,door
byłam,I was
jesteście,you are
posłuchaj,listen
powiedziałem,I said
powodu,reason
powinniśmy,we should
gdzieś,somewhere
końcu,end
lubię,I like
mów,say
sprawy,issues
czekaj,wait
pomysł,idea
zrobię,I will do
wiemy,We know
wydaje,spends
byłeś,you were
razy,times
moich,mine
człowiek,man
jednak,but
innego,another
dość,enough
pomocy,help
przecież,yet
panu,Lord
broń,weapon
żadnych,no
noc,night
macie,you have
ciągle,all the time
c,c
żebym,that I would
źle,badly
powiedziała,she said
facet,guy
mówiłem,I said
którego,whose
podoba,like
miejscu,place
jeżeli,if
skoro,since
ego,ego
ojca,father
powinieneś,you should
lata,years
sprawa,thing
niczego,nothing
takim,such
pamiętasz,Do you remember
sądzę,I think
właściwie,actually
dwie,two
pokoju,room
którym,which
myślałam,I thought
jedno,one
idziemy,we are going
również,also
bądź,be
znasz,you know
swój,your
swojego,of its own
byś,that
chodźmy,let's go
nowy,new
chciałam,I wanted
pewien,a
wczoraj,yesterday
jedną,one
musiał,he had to
której,which
idę,I'm going
poważnie,seriously
swoim,his own
życiu,life
rozumiesz,you understand
których,whose
podczas,while
miałam,I had
oczy,eyes
rano,in the morning
sprawę,case
wystarczy,enough
spokojnie,relax
całą,whole
telefon,Telephone
rzecz,item
matka,mother
samochód,car
świat,world
nimi,them
dwóch,two
pracę,work
dać,to give
byli,were
powinienem,I should
weź,take
jedna,one
zamknij,close
the,the
mały,small
da,da
pozwól,let
całe,all
wina,fault
wiedziałem,I knew
wrócić,come back
między,between
chcą,they want
idzie,goes
śmierci,death
mówił,he spoke
numer,number
oto,here
miejsca,place
dopóki,as long as
czujesz,you feel
cokolwiek,whatever
swojej,of its own
nikogo,nobody
dam,lad
powiedziałeś,you said
tłumaczenie,translation
dziewczyna,girl
najpierw,firstly
pamiętam,I remember
powiesz,you will say
pytanie,question
inaczej,otherwise
świecie,world
znów,again
wyglądasz,you look
przynajmniej,at least
widzieć,see
prawdę,truth
zrobiłem,I did
śmierć,death
swoich,of its own
halo,Hello
gdybym,if I
jednego,one
pieniędzy,money
brzmi,sounds
wierzę,I believe
innych,other
trzymaj,hold
robię,I am doing
ogóle,all
super,cool
kobiety,women
potrzebuje,need
tata,dad
pójdę,I will go
wielu,many
dokąd,where
ręce,hands
zrobiłeś,you did
miłość,love
całkiem,quite
naszej,ours
nasza,our
możliwe,possible
gra,game
prawo,law
inne,other
każdym,every
chwili,moment
kobieta,woman
jednym,one
zrób,make
ważne,important
wybacz,forgive
żona,wife
chcemy,we want
działa,it works
byłoby,would be
także,too
słyszałem,I heard
wiedział,he knew
dziewczyny,Girls
drogi,expensive
pewna,sure
wiecie,you know
mówią,they say
cieszę,I'm happy
dopiero,only
poznać,to get to know
serce,heart
inny,other
witam,Hello
pojęcia,concepts
parę,a couple
przeciwko,against
udało,sucked
powinien,should
została,she stayed
naszym,ours
raczej,rather
wiadomość,message
pięć,bake
s,s
każdego,each
godziny,hours
plan,plan
wcale,at all
ciało,body
słowa,words
witaj,Welcome
naszego,ours
mogła,could
czasie,time
dostać,to receive
nowego,new
czymś,something
stać,be
oznacza,means
jaką,what
naszych,ours
patrz,Look
czyli,that is
twoich,yours
człowieka,human
czasem,sometimes
dziwne,weird
żyć,lives
zostaw,leave
zabrać,take
żadnego,none
cholery,damn
ostatnio,lately
rodziny,families
ciężko,hard
martw,deadly
miałeś,you had
rozmawiać,to talk
rób,do
ziemi,earth
nazywa,names
panowie,gentlemen
bóg,God
widziałam,I saw
szczęście,luck
syn,son
takich,such
sprawie,case
zabił,killed
powrotem,return
możecie,you can
godzin,hours
potrzebujemy,We need
diabła,devil
panią,lady
powinnaś,you should
ostatni,last
zrobimy,we will do
mąż,husband
wyjść,exit
krwi,blood
szkoły,school
nieźle,not bad
syna,son
natychmiast,immediately
słucham,I'm listening
mieliśmy,we had
taką,such
wszystkiego,all
widziałeś,you saw
serio,seriously
policja,Police
chciała,She wanted
zrobisz,you will do
byliśmy,We were
radę,advice
zgadza,agrees
one,they
czasami,sometimes
końca,end
idziesz,you go
zostanie,will stay
powinnam,should
byłaś,you were
mogłem,I could
drodze,road
mieli,they had
najbardziej,the most
pomoc,help
jaka,what
cztery,four
john,John
strony,pages
część,Hello
należy,belongs
jack,jack
kimś,someone
głowy,head
brat,brother
zobaczenia,see
blisko,near
zaczekaj,Wait
powiedziałam,I said
uwierzyć,believe
skarbie,honey
zły,bad
naszą,our
wieczór,evening
dolarów,dollars
twarz,face
zostało,stayed
świata,world
cała,whole
potrzebujesz,you need
środku,inside
pokój,room
innym,other
obchodzi,celebrates
spotkanie,meeting
chcecie,you want
gotowy,ready
doktorze,doctor
temat,topic
wielki,large
uważaj,be careful
daleko,far
pół,half
ode,from
uda,thighs
dr,dr
chociaż,though
kiedykolwiek,whenever
rok,year
lecz,but
miasta,cities
d,D
poczekaj,wait
robota,job
racja,right
człowiekiem,human
wieczorem,in the evening
zależy,it depends
dobranoc,good night
późno,late
chciałabym,I would like
mógłbym,I could
krew,blood
gdybyś,if you
wziąć,to take
lubi,likes to
słowo,word
powinno,should be
zewnątrz,outside
nowe,new
rodzina,family
wspaniale,excellent
mówiąc,saying
stronie,page
miesięcy,months
głowę,head
robimy,we do
znalazłem,I found
lubisz,do you like
mniej,less
wrócę,I will come back
wejść,enter
wypadek,accident
pierwsze,first
szybciej,faster
tydzień,week
chłopaki,boys
nieważne,does not matter
pójść,go
praca,job
czeka,waiting
zobaczymy,we'll see
taa,yeah
szansę,chances
wiedziałam,I knew
widział,saw
wody,water
dawaj,come on
zna,know
mała,little
jezu,Jesus
zrobi,do
pracować,work
moi,my
serca,hearts
jakoś,somehow
złe,badly
chwila,moment
prawa,laws
sądzisz,you think
według,According to
spotkać,meet
kapitanie,captain
zupełnie,quite
sprawdzić,to check
mogli,they could
ojcem,father
you,you
boga,God
okej,okay
wspólnego,in common
mówiłeś,you said
mieście,city
robią,do
chłopak,boy
jechać,to go
prawdopodobnie,probably
doktor,doctor
spać,to sleep
pracuje,works
zdjęcia,pictures
wasza,yours
uwagę,attention
myśleć,think
mówiłam,I said
znać,know
t,T
ciała,bodies
mógłbyś,you could
problemy,problems
okay,okay
film,movie
gotowa,ready
tymi,these
zdjęcie,picture
pogadać,talk
brak,lack
powiedziałaś,You said
wiedzą,knowledge
dał,gave
małe,small
pomoże,will help
ponad,above
mało,little
kilku,several
koleś,dude
wkrótce,soon
rękę,hand
razu,once
mógłby,could
ostatnie,last
miasto,city
zrobiła,she did
przyjaciół,friends
stronę,page
góry,mountains
nazwisko,last name
wami,you
pa,PA
całym,All
drogę,way
wystarczająco,enough
zatrzymać,stop
droga,road
niemożliwe,impossible
jakąś,some
mike,mike
odejść,depart
broni,weapons
zmienić,to change
wszędzie,everywhere
prosto,straight
rodzice,parents
początku,beginning
policji,police
nagle,suddenly
drugi,second
brata,brother
przyjaciel,friend
wielkie,great
człowieku,Man
choć,though
samego,itself
muszą,must
często,often
dziecka,child
pomóż,help
dobrym,good
kłopoty,troubles
nazywam,My name is
większość,majority
zacząć,start
roboty,work
zaczyna,starts
żaden,no
pozwolić,to let
matki,mother
miłości,love
trudno,it is difficult
błąd,mistake
drugiej,second
głowie,head
dziewczynę,girlfriend
pokaż,show
córka,daughter
godzinę,hour
michael,Michael
żadnej,none
jedynie,only
szkole,School
pierwsza,first
musiałem,I had to
wracaj,come back
szkoda,pity
george,george
siostra,sister
zapomnij,forget
pomyślałem,I thought
słyszysz,you hear
ponownie,again
przyszedł,he came
całkowicie,fully
charlie,charlie
zamiast,instead
trzymać,keep
musicie,you have to
czuje,I feel
gówno,shit
trzech,three
rady,advice
dowiedzieć,find out
jakaś,some
obiecuję,I promise
osób,people
niestety,unfortunately
zadzwonić,call
samochodu,car
czekać,wait
zatem,therefore
jakim,what
miało,was supposed to
piękna,Beautiful
oraz,and
zostań,stay
rany,wounds
jedziemy,we drive
dasz,you can let
kraju,country
zrobiłam,I did
zostawić,to leave
historia,history
mimo,despite
zobacz,look
głupi,stupid
nowym,new
faceta,man
dawno,long time ago
pokazać,show
widzenia,vision
rodzinę,family
obok,next to
jednej,one
powie,will say
sami,themselves
przykład,example
tygodniu,week
chciałeś,You wanted
dłużej,longer
ruszaj,go
oboje,both
dół,hole
najlepszy,best
wróci,will come back
odkąd,since
musiała,must
zabawne,funny
górę,top
frank,franc
łatwo,easy
uważam,I think
będziecie,you will
wieku,age
mówiła,she said
joe,Joe
synu,son
chłopcy,boys
złego,bad
niczym,like
męża,husband
sporo,a lot
popatrz,look
inni,others
szefie,boss
środka,center
znaleźliśmy,we found
samym,on the same
pewnego,certain
pracuję,works
panno,virgin
zajmę,I will occupy
zamierzam,I intend to
istnieje,exists
uważasz,you think
okazji,occasion
moment,moment
takiej,such
spróbuj,try
znajdziemy,we will find
osobą,person
nikomu,no one
kupić,to buy
sześć,six
gość,guest
niby,kind of
spróbować,try
póki,while
cicho,quiet
zła,bad
jakiegoś,some
uh,uh
wezmę,i'll take
walczyć,fight
wiadomości,messages
prawdziwe,real
niedługo,soon
ciągu,sequence
żonę,wife
tom,volume
fbi,FBI
boję,scales
strasznie,terribly
wasze,yours
historii,history
dziewczyną,girl
powinna,She should
nowa,new
wrócił,came back
mężczyzna,man
gotowi,ready
głos,voice
około,about
boli,it hurts
zwykle,usually
następnym,next
powodzenia,good luck
słyszałeś,did you hear
widać,can be seen
bracie,brother
kocha,love
pewnością,certainly
leci,flies
znajdę,I will find
zająć,hare
zadzwonię,I will call
szczerze,honestly
dzieckiem,baby
najlepsze,best
korekta,adjustment
przyjdzie,will come
próbuję,try
panem,master
szpitala,hospital
tędy,this way
daje,gives
słyszałam,I heard
myśl,thought
statek,ship
miałaś,You had
najlepiej,best
ludźmi,people
wracam,I'm coming back
pytania,questions
wracać,return
powód,reason
zrobiłaś,you did
kobietą,woman
prawdziwy,true
mogłam,I could
seks,sex
kolejny,next
pasuje,it suits
jedzenie,food
nienawidzę,I hate
przysięgam,I swear
umrzeć,die
proste,simple
ulicy,street
przyjacielem,friend
czyż,or
znalazł,he found
nigdzie,nowhere
zostały,left
włosy,hair
ojcze,father
same,themselves
twarzy,face
tysięcy,thousands
zamiar,intention
ludziom,people
przestać,stop
zadzwoń,Call
przyjaciele,friends
mieszka,lives
pewny,sure
zabierz,take
kolację,dinners
wieści,news
stan,state
ziemię,Earth
powstrzymać,stop
żartujesz,you are kidding
nogi,legs
kochasz,you love
grać,play
sądzie,court
uwielbiam,I adore
każdej,every
osoba,person
robił,did
potrafię,I can
przyjaciółmi,friends
dobrego,good
zrozumieć,understand
mogłeś,you could
wyboru,selection
spokoju,peace
piękne,beautiful
y,y
fajnie,cool
trudne,difficult
cel,objective
james,James
biura,offices
henry,Henry
słyszę,I hear
świetny,excellent
tygodni,weeks
przyjść,come
wolno,slow
żony,wives
mocno,tightly
znaczenia,meaning
uciec,escape
tyłu,so many
żoną,wife
widziałaś,You saw
and,and
informacje,information
zapytać,ask
hey,hey
poszedł,went
osoby,persons
młody,young
musieli,they had to
obawiam,I am afraid
tacy,such
otwórz,open
bogu,God
gościa,guest
matką,mother
odpowiedź,response
niektórzy,some
związek,relationship
centrum,center
pierwszym,first
pytań,questions
szukam,I'm looking for
jakbym,like
chwileczkę,for a while
tygodnie,weeks
zabiję,I will kill
samej,itself
wreszcie,finally
m,m
policję,police
moglibyśmy,we could
chodziło,It was
poszło,went
szczęśliwy,lucky
więzienia,prisons
mnóstwo,lots of
chodźcie,go
wiedziała,she knew
pozwolę,let me let
hotelu,hotel
żebyśmy,that we
stój,stand
części,part
nieprawda,not true
reszta,rest
gry,games
uspokój,calm
kapitan,captain
lepsze,better
jedyną,only
stoi,standing
niesamowite,incredible
sensu,meaning
ból,pain
ślub,wedding
duży,big
wojny,wars
dajcie,give
resztę,rest
związku,relationship
przyjaciela,friend
dostał,He get
uważa,thinks
list,letter
wielka,huge
nową,new
następny,next
rodziców,parents
jakiego,what
pewne,certain
dobrą,Okay
ktokolwiek,anyone
martwić,worry
sekund,seconds
david,David
łóżka,bed
zobaczysz,you will see
górze,Mountain
przyszłość,future
szukać,look for
ciekawe,interesting
wasz,yours
szansa,chance
facetem,guy
dostałem,I got
ach,ah
cie,you
prezent,gift
dr.,dr.
mocy,power
peter,peter
mary,Mary
walki,fights
jorku,York
częścią,part
zaczął,he started
dostaniesz,you will get
kobietę,woman
mowy,speech
tony,tones
sytuacji,situation
jedynym,only
chronić,protect
ben,ben
jimmy,Jimmy
światło,light
zajmie,will take
twoi,yours
los,moose
potrafi,can
pomogę,I will help
zobaczę,I'll see
szpitalu,hospital
własne,own
skończy,will end
wysoki,high
ofiary,victims
morderstwo,murder
pójdzie,will go
pomiędzy,between
małą,little
szef,boss
uwaga,Caution
pójdziesz,you will go
dna,gout
obiad,lunch
jane,Jane
dowód,proof
mogło,could
zdanie,opinion
próbował,he tried
kobiet,women
skończyć,end
coraz,and
całej,all
chcieli,They wanted
miesiąc,month
nieco,little
system,system
ruszać,move
zamierzasz,you intend
widzi,sees
wybór,choice
martwy,dead
lepszy,better
jakbyś,like
zjeść,eat
znalazłam,I found
wokół,around
dzieciak,child
patrzeć,look
max,max
wspaniałe,wonderful
usiądź,sit down
wierzysz,you believe
historię,history
zabije,will kill
słuchać,to listen
jedyne,only
danny,Danny
siły,strength
próbowałem,I tried
spoko,cool
jedyny,only
próbuje,try
gotowe,finished
usłyszeć,hear
robotę,work
staram,I try
alex,alex
odpowiedzi,answers
jedź,go
zatrzymaj,stop
stara,old
pamiętaj,remember
komuś,someone
jeść,eat
wow,wow
niezły,good
byłby,would be
drugą,second
pójdziemy,we go
miły,nice
milionów,millions
miesiące,months
tyłek,butt
stylu,style
zbrodni,crime
owszem,yes
uratować,save
wypadku,accident
robicie,you do
prosić,ask
duże,big
drugie,second
interes,business
telefonu,phone
ciąży,pregnancy
córkę,daughter
ostatniej,last
wiedziałeś,You knew
najwyraźniej,obviously
przejść,pass
ogień,fire
sen,dream
jadę,I'm going
pomyśl,idea
celu,purpose
więzieniu,prison
powiedzieli,they said
ależ,but
chłopaka,boyfriend
yeah,yeah
spraw,make it happen
oko,eye
moc,power
pies,dog
jakimś,some
pracujesz,you work
wejdź,enter
brakuje,is lacking
paul,Paul
przyjęcie,adoption
rodziną,family
sprawdź,check
otworzyć,open
znajdziesz,You will find
przyszedłem,I came
dzieciaki,kids
zdobyć,to win
wcześnie,early
mówiłaś,you said
mogłabym,I could
ostatnia,final
wielkiego,great
harry,Harry
użyć,use
firmy,companies
gorzej,worse
potrzeba,need
wstawaj,get up
informacji,information
stamtąd,from there
adres,address
dosyć,enough
drinka,drink
samą,herself
jedyna,only
światła,lights
głupie,stupid
wspaniały,Excellent
biurze,office
matkę,mother
osobiście,personally
patrzcie,Look
rodzaju,type
psa,dog
zrobili,they did
pobliżu,near
spotkamy,we'll meet
samochodzie,car
zasady,rules
dole,bottom
kolego,my friend
myślą,think
wyjaśnić,to explain
piękny,beautiful
zespół,team
problemu,problem
boisz,you are afraid
śmieszne,funny
pierwszą,first
atak,attack
gratulacje,congratulations
buty,shoes
program,program
poproszę,Please
dziesięć,ten
ładnie,nicely
pracował,he worked
wychodzi,comes out
szczęśliwa,happily
pokażę,I will show
puść,let go
siedzieć,sit
mózgu,brain
laboratorium,lab
codziennie,daily
klucz,key
prowadzi,leads
załatwić,take out
tommy,Tommy
miłe,nice
it,IT
mieszkanie,apartment
wolę,I prefer
bycie,being
byśmy,that we would
wiadomo,we know
bezpieczeństwa,safety
zgadzam,I agree
pierwszej,first
zostanę,I will stay
pomyślałam,I thought
zdecydowanie,definitely
słuchajcie,listen
zabiłeś,you killed
zabrał,took
siostry,sisters
woda,water
nauczyć,teach
siadaj,sit down
powiedzenia,Proverbs
uczucie,feeling
znajdzie,will find
chłopiec,boy
złapać,catch
najlepszym,best
zostawił,he left
koło,circle
piwo,beer
każda,any
przyszłości,future
siedem,seven
wyszedł,he left
zamknąć,close
pozbyć,get rid of
abyś,that you
tuż,next door
potrafisz,you can
zniszczyć,destroy
umarł,died
budynku,building
zajęty,occupied
statku,ship
ślady,traces
wolny,free
początek,beginning
rodzinie,family
łóżku,bed
dowody,evidence
potrzebował,he needed
dziękujemy,Thank you
podobno,supposedly
naprawić,to fix
me,me
minuty,minutes
nick,nickname
córki,daughters
znajdź,find
powoli,slowly
przyznać,admit
wyjdzie,will come out
wielkim,great
życiem,life
książki,books
świetna,excellent
jedzenia,food
całego,whole
jaja,eggs
kawę,coffee
damy,lady
zostaniesz,You'll stay
lekarza,doctor
dala,at a time
wojna,war
wielką,huge
pora,time
urodziny,birthday
odebrać,to pick up
kolejne,next
martwi,worries
badania,tests
król,King
mogłabyś,you could
stał,steel
wobec,to
zeszłym,last
straszne,horrible
jakiej,what
prawdziwa,true
ostrożnie,carefully
amy,Amy
wierzyć,believe
dane,data
świetne,great
wysokość,height
znamy,We know
innymi,otherwise
pięknie,Beautifully
bob,broad bean
plany,plans
własną,own
musiałam,I had to
ruch,movement
doskonale,excellent
druga,second
niezła,good
zginął,died
zapomnieć,forget
chłopcze,boy
steve,Steve
przede,above
znak,sign
samolot,plane
weekend,weekend
znalazłeś,you found
kuchni,kitchen
zróbmy,let's do
zwłaszcza,especially
gości,guests
billy,billy
kawałek,piece
przyszła,she came
chory,ill
przyjacielu,friend
dziwnie,strangely
twierdzi,claims
słychać,hear
przygotować,to prepare
chciałaś,You wanted
zaczynamy,we start
detektyw,detective
wśród,among
jim,Jim
kończy,ends
jake,jake
dwoje,two
witamy,Welcome
ray,Ray
zadanie,task
względu,that a matter is due
synem,son
wodę,water
poczekać,wait
znaleźli,found
imieniu,name
lunch,lunch
odzyskać,to regain
em,em
oprócz,apart from
don,don
of,of
podaj,give
założę,I will assume
chodzić,go
momencie,in moment
święta,holidays
zapomniałem,I forgot
kawy,coffee
nazywasz,you call
szuka,looking for
rozmawialiśmy,We talked
dałem,I gave
moimi,of mine
latach,years
raport,report
fakt,fact
młoda,young
mamą,mom
panna,Virgin
ostatnim,last
poszła,She went
lee,lee
oddać,give back
listy,letters
różne,various
wyglądam,I look
przysługę,a favor
kości,bones
rana,wound
szczęścia,happiness
zobaczmy,Let's see
zdaje,passes
lekarz,doctor
czuć,feel
kraj,country
morderstwa,murders
chciałbyś,would like
zgodnie,according
każdą,each
wrażenie,impression
zostałem,I stayed
sprawia,makes
zrozumiałem,I understood
przeciw,against
wyjścia,exit
trzyma,holds
pierwszego,first
krok,step
wyniki,Results
żyjesz,you live
bierz,take
wygrać,win
grę,game
rząd,row
chciałby,he would like
rozmowy,calls
rozkaz,order
podróż,journey
dawna,formerly
agent,agent
rozmowę,conversation
śniadanie,breakfast
doceniam,I appreciate
aaccff,aaccff
jedzie,is going
zabiłem,I killed
przychodzi,comes
sytuacja,situation
usiąść,sit down
zmieni,change
grupa,group
wziął,he took
decyzję,decisions
iż,that
powinni,they should
wrócisz,you will come back
will,will
udział,participation
ognia,fire
szukamy,we are looking for
miłego,nice
chryste,Christ
uciekaj,run away
mężczyzn,men
niektóre,some
możliwości,possibilities
kate,kate
chętnie,gladly
wraca,returns
brać,to take
głupia,stupid
błagam,I am begging you
zapłacić,pay
bill,bill
e,e
biuro,office
odejdź,Go away
kolej,rail
mówimy,we speak
stare,old
dostanie,will get
la,la
dumny,proud
liczy,counts
kasę,money
miałbym,I would have
żyją,live
in,in
nowych,new
prawdy,truth
cudownie,wonderfully
nasi,ours
szukasz,you are looking for
prezydent,President
wydarzyło,has happened
idźcie,go
pomaga,helps
siedzi,sit
juz,done
johnny,Johnny
dzwonił,he called
problemów,problems
kontakt,contact
napisy,Subtitles
zrobiliśmy,we did
karty,cards
decyzja,decision
spójrzcie,look
sygnał,signal
listę,list
inną,different
zmienia,change
rozumie,understands
komu,to whom
rozmawiałem,I was talking
niezłe,not bad
osiem,eight
książkę,book
słońce,Sun
gotów,ready
sens,meaning
słów,words
mężczyzną,man
dostanę,I will get
ochrony,protection
pory,pores
spojrzeć,look
ochotę,desire
najlepsza,best
potrzebny,necessary
zabawy,fun
króla,king
rzeczywiście,actually
żart,joke
przypadku,case
rodzaj,type
niewiele,few
stracić,lose
działać,work
tamtej,that
dziękuje,thank you
niebezpieczne,dangerous
szefem,boss
okno,window
wyglądają,They look
bobby,bobby
uwagi,remarks
uczucia,feelings
fscy100,fscy100
zostaje,stays
obraz,image
zazwyczaj,usually
lekarzem,doctor
najlepszego,best
czekam,I'm waiting
gadać,talk
podać,to give
leży,lies
rachel,Rachel
otwarte,Open
zaczynam,I'm starting
widzimy,we see
zastanawiam,I'm thinking
wyjdź,come out
zacznie,start
poradzę,I will advise
inna,different
wybaczyć,forgive
kochać,love
przekonać,to convince
fscx100,FSCX100
swego,of its own
dowie,find out
wynoś,pain
głowa,head
dziećmi,children
obaj,both
umrze,will die
warto,it is worth
kazał,ordered
oddaj,give up
taty,dad
wybrać,to choose
zdrowie,health
wiec,so
opuścić,leave
okolicy,area
pomożesz,You will help
zimno,cold
chwilkę,moment
przypadek,case
test,test
wyprawiasz,you do
liście,leaves
ostatnią,final
ilu,how many
obie,both
widzicie,see
waszej,yours
obu,both
nazwiska,names
niespodzianka,surprise
doczekać,wait
wysłać,send
dobrej,good
bratem,brother
sarah,Sarah
zaufaj,trust
bliżej,closer
dziewczynka,girl
własnej,own
zmiany,changes
l,l
straciłem,I lost
oglądać,to watch
przestańcie,stop
zabawa,game
drugim,second
dolców,bugs
przyszedłeś,You came
oczach,eyes
przynieś,bring
ryan,Ryan
wyglądać,look
poziom,level
mieszkania,flats
dała,she gave
przodu,front
przyjemność,pleasure
ostatnich,last
śmiercią,death
widziała,she saw
uciekł,He escaped
akurat,just
miła,nice
rzeczą,thing
pytasz,You ask
wyjście,Exit
zmarł,He died
śmiało,boldly
przeszłości,past
tysiące,thousands
operacji,surgery
małżeństwo,marriage
wątpię,I doubt
myślicie,you think
wewnątrz,inside
chris,chris
długi,long
ojcu,father
biorę,I take
spodoba,will please
innej,other
lecieć,fly
owi,those
zapewne,probably
ej,hey
szanse,chances
godzina,hour
wydostać,get out
martwię,dead
mózg,brain
kasy,cash
dniu,day
uciekać,run away
auto,car
szalony,insane
zaczęło,began
de,De
zaufać,trust
poruczniku,lieutenant
linii,line
dowodów,evidence
wróciła,she came back
ofiara,victim
banku,bank
telewizji,television
absolutnie,absolutely
indziej,otherwise
ładna,pretty
zniknął,disappeared
każde,every
głodny,hungry
prawdziwym,real
odłóż,set aside
eddie,Eddie
umiem,I can
kierunku,direction
randkę,date
klasy,class
imprezę,party
wojnę,war
ha,hah
sali,room
podziękować,thank
szaleństwo,madness
myślałeś,you thought
nikim,nobody
lewo,left
mężem,husband
małego,little
szczególnie,especially
boską,gorgeous
potrzebują,they need
wyszła,she came out
uwierz,believe
spotkania,meetings
utrzymać,maintain
własnego,own
hmm,hmm
różnych,different
mamę,mother
widzieliśmy,We saw
abym,let me
chłopca,boy
muzyka,music
okropne,terrible
sprawdzę,I will check
zgoda,agreement
skończyłem,I finished
pomyśleć,think
nowej,new
wiedzieli,they knew
richard,Richard
emily,emily
wprost,directly
myślał,he thought
um,UM
wrócimy,we will come back
pić,drink
ruchy,movements
widok,view
miałby,would have
faceci,guys
interesuje,interest
punkt,point
prowadzić,to lead
zmieniło,changed
lubią,they like
jerry,Jerry
umysł,mind
udowodnić,prove
zabiorę,I'll take
mówili,they said
drugiego,second
szans,chances
powiedzmy,let's say
potrzebne,necessary
zobaczyłem,I saw
umowę,contract
b,b
wraz,with
liceum,high school
różnica,difference
minęło,passed by
następnego,next
bronią,weapon
lepszego,better
rzuć,throw
znaczenie,meaning
żadna,none
musze,I have to
mogłaś,you could
firma,business
słyszeć,to hear
państwo,country
f,f
potrzeby,need
mecz,game
danych,data
dostęp,access
naprzód,forward
nóż,knife
córką,daughter
bawić,entertain
sprawą,thing
mark,brand
bierze,he takes
rękach,hands
miliony,millions
zachować,keep
ubrania,Clothes
jasna,bright
pozwoli,will allow
znaczyć,mean
żadne,none
wychodzę,I leave
zasadzie,principle
akta,files
metrów,meters
woli,will
kyle,kyle
pełne,full
gliny,clay
przypomina,reminds
równie,as
żegnaj,say goodbye
czułem,I felt
celem,purpose
musiało,must
dziwnego,strange
czarny,black
mojemu,mine
jazda,ride
san,san
oczu,eyes
grupy,groups
usta,mouth
dobrych,good
słońca,sun
ataku,attack
swoimi,his own
sklepu,store
spróbuję,I will try
dupę,ass
grace,grace
daleka,distant
claire,claire
sumie,sum
milion,million
znalazła,found
dzwoni,is calling
domem,home
napisy24.pl,subtitles24.pl
pański,your
stracił,he lost
własny,own
zajmuje,deals
mamie,mother
wspaniała,great
szkodzi,is harmful
złym,bad
żył,vein
andy,Andy
zabójca,killer
odnaleźć,find
słyszałaś,You heard
staje,stands
auta,cars
odszedł,he left
sprzedać,sell
pytam,I'm asking
szefa,boss
pomocą,help
byłaby,would be
ładne,nice
warte,worth
ufać,trust
gdybyśmy,if we
porozmawiamy,we'll talk
wujek,uncle
kod,code
proces,process
osobę,person
zaczęła,She began
nadchodzi,is coming
biały,white
sierżancie,sergeant
stop,Stop
zostali,stayed
upewnić,make sure
idą,They go
pięciu,five
zaczniemy,we will start
podróży,traveling
wyszło,came out
ufam,I trust
spytać,ask
siostrę,sister
dostałam,I got
facetów,guys
znacznie,significantly
powietrze,air
trwa,takes
czasy,times
zobaczy,see
ledwo,barely
akcji,actions
pojechać,go
nieba,skies
założyć,assume
winy,guilt
zmienił,changed
waszym,yours
ziemia,earth
zamknięte,closed
daję,gives
ah,ah
brian,brian
restauracji,restaurant
pochodzi,comes
próbujesz,you are trying
kłopotów,trouble
umiera,dies
czterech,four
wracamy,We are coming back
małym,small
miały,had
pete,pete
musiałeś,you had to
parku,park
możliwość,possibility
drogą,road
energii,energy
poznałem,I met
próbowałam,I tried
spędzić,spend
mężczyźni,men
wiary,faith
ku,to
mogłaby,she could
usa,USA
budynek,building
przyjdę,I will come
wróciłem,I came back
żyję,lives
łódź,Łódź
łatwe,easy
winny,guilty
przyszłam,I came
mil,mile
dokumenty,documents
strzelać,shoot
wynocha,get out
przeszkadza,disturb
duża,big
czasów,times
kontrolę,control
dałeś,you gave
barze,bar
zamian,change
matko,mother
mogliśmy,we could
zadzwonił,he called
studia,studies
stacji,station
annie,Annie
własnym,own
znajduje,finds
czyżby,do
dave,dave
przejmuj,take over
język,tongue
nazywają,name
wyglądało,it looked
przekazać,to pass
sądu,court
robiłem,I did
waszą,yours
skończył,finished
pułkowniku,colonel
park,Park
najszybciej,fastest
kwiaty,flowers
kontroli,control
babcia,grandmother
walka,fight
doktora,doctor
jedziesz,you are driving
posłuchać,listen
sercu,heart
najważniejsze,most important
zostawię,I will leave
cia,wagon
mogłoby,could
dupy,ass
skrzywdzić,hurt
przeprosić,apologize
sądziłem,I thought
wierzy,believes
klientów,clients
bezpiecznie,safely
dotykaj,touch
bólu,pain
ducha,ghost
wolności,freedom
leo,leo
układ,system
zabij,kill
seksu,sex
pamięta,he remembers
pewność,confidence
luke,luke
ocalić,save
zacząłem,I started
pamięć,memory
cenę,price
opowiedz,tell
jakiejś,some
móc,power
teren,area
sklep,store
konia,horse
następnie,next
poprzez,by
niedaleko,near
zdarza,happens
uczyć,teach
stanu,state
śpi,sleeps
obudź,whack
napisał,he wrote
dostałeś,you got
lucy,Lucy
prawdziwą,true
strach,fear
umiesz,you can
interesy,interests
wszystkimi,all
silny,strong
prosze,Please
bank,bank
wyobrazić,imagine
potrzebna,needed
moge,I can
przyjaciółka,friend
zmęczony,tired
bezpieczna,secure
potrzebować,need
klubu,club
niezbyt,not very
komputer,computer
nieprawdaż,untruth
impreza,party
charles,charles
wróć,come back
byliście,you were
najlepszą,best
siłę,strength
pociąg,train
szkoła,school
przeszłość,past
normalnie,normally
okazało,It turned out
oczywiste,obvious
bezpieczny,safe
wyjechać,to leave
zero,zero
następne,next
gościem,guest
czekajcie,Wait
pistolet,gun
wiedziałaś,you knew
zapach,smell
używać,use
doszło,occurred
drużyny,teams
dan,dan
waszych,yours
wyluzuj,relax
idealnie,perfectly
tatuś,daddy
biorąc,taking
łatwiej,easier
pieprzyć,fuck
gwiazdy,stars
znaleziono,found
liczyć,to count
wątpliwości,doubt
ukryć,hide
wymaga,requires
kamery,cameras
carter,carter
trakcie,during
powrót,return
wyglądał,He looked
alarm,alarm
filmu,film
głęboko,deep
ręki,hand
czyni,does
zechcesz,you want
udawać,to pretend
planu,plan
siostro,sister
czytać,to read
chicago,Chicago
jutra,tomorrow
problemem,problem
śmieci,garbage
eric,Eric
dzwonię,I'm calling
byłbym,I would be
duch,spirit
przyjechał,he came
clark,clark
rozmowa,conversation
narkotyki,drugs
matt,matt
cholernie,damned
kevin,Kevin
new,New
zostaną,will stay
ryzyko,risk
strzał,shot
sto,hundred
wyjdziesz,you will leave
cos,something
wykorzystać,to use
dziadek,grandpa
długa,long
wóz,car
szlag,damn
kompletnie,totally
pomógł,he helped
wolność,freedom
daniel,daniel
scott,Scott
nawzajem,mutually
czekają,they are waiting
kelly,kelly
pamięci,memory
powinniście,you should
jesli,if
nr,number
prezydenta,president
tęsknię,I miss
najlepszych,the best
przyniosę,I will bring
śledztwo,investigation
wyciągnąć,pull out
mieszkam,I live
wspomnienia,memories
którymi,which
tygodnia,week
boi,buoyant
pojawił,appeared
rozkazy,orders
łodzi,boat
zmiana,change
psy,dogs
zajęcia,classes
samobójstwo,suicide
potrwa,will last
bycia,being
bierzesz,take
starego,old
tamtego,that
wolne,free
towar,commodity
sytuację,situation
adam,Adam
głową,head
zadowolony,happy
pewnym,certain
normalne,normal
pieprzony,fucked
fajne,nice
jakich,what
ładny,pretty
gdziekolwiek,anywhere
zabiła,she killed
północy,north
przynieść,bring
that,that
żebyście,that you
martin,Martin
podobnie,similarly
spadaj,get lost
piątek,Friday
ciężkie,heavy
większe,bigger
okoliczności,circumstances
mego,my
waszego,yours
słodki,sweet
sztuki,art
wsparcie,support
gorąco,hot
napisów,inscriptions
okazję,opportunity
zaczekać,wait
odpowiada,corresponds to
dajesz,you give
leki,anxieties
cisza,silence
przyjaciółką,friend
będąc,being
niebo,sky
chcieliśmy,We wanted
chora,sick
pełni,full
kochana,dear
rose,rose
pokładzie,deck
siostrą,sister
wino,wine
spotkałem,I met
larry,larry
napisać,write
kotku,Kitty
dziewczyn,girls
punkcie,point
ofiar,victims
czasach,time
dziwny,weird
badań,research
napisane,written
poradzić,help
minutę,minute
trzymasz,you hold
połowę,half
konieczne,necessary
chłopakiem,boy
stóp,Stop
tatą,dad
zadać,demand
podejdź,approach
mieszkaniu,apartment
susan,Susan
wchodzi,enters
detektywie,detective
sklepie,shop
patrzysz,you look
państwa,countries
duszę,soul
poszedłem,I went
zabrali,took
projekt,design
jenny,Jenny
najmniej,least
poważne,serious
czynienia,dealing
trzeci,third
angeles,Angeles
sekret,secret
kolejną,next
jestes,Are you
klucze,keys
ranny,injured
kolejna,next
zęby,teeth
kwestia,issue
mając,having
zobaczył,he saw
pańskie,Lord
umowa,arrangement
moze,maybe
wyjdę,I will leave
mieszkać,to live
pozwala,allows
odciski,prints
czysto,purely
bezpieczne,secure
stała,constant
zmarła,died
twoimi,yours
abby,abby
obecnie,Nowadays
pierdol,fart
powinny,should
powodów,reasons
wujku,uncle
zrobienia,making
zapomniałam,I forgot
patrzę,I'm looking
zamiaru,intention
południe,south
stole,table
lisa,fox
ukradł,stolen
wróciłeś,you came back
wybaczcie,Forgive
joey,Joey
czułam,I felt
jazdy,driving
samych,alone
armii,army
km,km
zeszłej,last
działo,gun
alice,Alice
umarła,died
wieczoru,evening
wydawało,It seemed
kieszeni,pocket
piłkę,ball
misji,mission
pokonać,defeat
działania,actions
czekamy,we are waiting
znał,he knew
dowiemy,we will find out
skończyliśmy,We finished
setki,hundreds
świąt,world
ciśnienie,pressure
dziewczynki,girls
wysłał,sent
spodnie,pants
gadasz,you talk
kartę,card
nosić,to wear
nos,nose
pole,field
przypuszczam,I suppose
faktycznie,really
piosenkę,song
zacznij,start
karen,Karen
dupek,asshole
zdjęć,photos
zabili,killed
maggie,Maggie
nadszedł,came
czysty,clear
dzieciaka,kid
kłamstwo,lie
show,show
mistrzu,master
żałuję,I regret
zrobią,they will do
poczucie,sense
jason,Jason
akt,Act
street,street
oby,may
kościoła,church
nakaz,warrant
obejrzeć,see
ted,ted
nagranie,recording
pozwolisz,you will let
narkotyków,drugs
łączy,connects
jasno,brightly
słodkie,sweet
zrobione,done
zwierzęta,Animals
pijany,drunk
łeb,head
żartuję,kidding
gejem,gay
kolor,color
królem,king
zajęta,busy
zachowanie,behavior
muzykę,music
kontrolować,control
pańska,Lord
mężczyznę,man
nogę,leg
kupiłem,I bought
chłopcem,boy
cholerny,damn
ruchu,movement
klient,client
mieszkasz,you live
dzwoń,bell
sąd,court
przyszłym,future
sprzęt,equipment
van,van
zabija,kills
nagrodę,award
pisze,writes
straciliśmy,We lost
przyjąć,accept
zostałeś,You stayed
patrzy,looks
robert,Robert
ryby,fishes
odpowiedzialny,responsible
robiłeś,did you
dotrzeć,arrive
rzeczywistości,reality
sieci,network
pospiesz,hurry
boku,side
dużą,big
udać,pretend
bój,funk
generale,general
plaży,beach
lot,flight
przyszłaś,you came
trzymam,I keep
pojadę,I will go
bilety,tickets
vegas,vegas
zagrać,play
prawdziwego,real
radio,radio
doprawdy,really
biznes,business
szacunku,respect
paru,a few
chwilą,moment
podobało,like
pisać,write
operację,operations
rzucić,throw
klasie,class
umrę,I will die
przyda,useful
nosi,wears
powietrza,air
klubie,club
pamiętać,remember
pogadamy,we'll talk
troszkę,a bit
drzwiami,door
tatusiu,daddy
pragnę,I would like to
dźwięk,sound
przedstawić,present
chłopców,boys
sądzi,thinks
zacznę,I'll start
zabierzcie,take
matce,mother
n,n
mylisz,you are wrong
szczery,honest
pracowałem,I worked
oddech,breath
połóż,put
prawdą,true
plecy,back
niedawno,recently
wyjątkiem,exception
używa,use
znajdą,will find
walter,Walter
hotel,hotel
molly,molly
imienia,names
brawo,way to go
pełen,full
ślubu,wedding
odpowiedzieć,reply
porucznik,lieutenant
połączenie,connection
darmo,free
bracia,brethren
rąk,cancer
strachu,fear
sean,sean
bzdury,nonsense
wiatr,wind
muzyki,music
przyjdź,come
odeszła,has gone
małej,small
wojnie,war
ameryki,America
północ,North
znacie,you know
alan,Alan
bohaterem,hero
biegnij,run
romans,Romance
przerwę,break
rozmawiamy,We talk
piwnicy,basement
sprawiedliwości,justice
przyjemnością,pleasure
czerwony,red
uśmiech,smile
bedzie,will be
bomba,bomb
sił,strength
wsiadaj,get on
anglii,England
witajcie,Hello
zmęczona,tired
robiła,she did
napić,drink
ręka,hand
zauważyłem,I noticed
kupił,bought
słyszał,he heard
zakończyć,end
bar,bar
życzę,wish
pełna,full
książę,prince
ważny,important
wchodzę,I enter
niebie,sky
systemu,system
zamierza,intends
zbliża,is approaching
okres,period
biedny,poor
kapitana,captain
zabijać,kill
przypadkiem,by chance
nadziei,hope
wybierasz,you choose
ciężki,heavy
zapytaj,ask
wszedł,entered
zaszczyt,honor
ostatniego,last
lesie,Forest
okropnie,terribly
wakacje,holidays
aresztowany,arrested
głosy,voices
widzieliście,you saw
lewej,left
skomplikowane,complicated
gary,gary
tajemnicy,secret
szkołę,School
zespołu,team
uważać,consider
chciałabyś,You would like
programu,program
duszy,soul
połowa,half
książka,book
stopy,feet
odpocząć,to rest
ramię,arm
przygotuj,prepare
julie,Julie
przeżyć,survive
kolacji,dinner
skończyła,she ended
niedobrze,not good
kontynuować,to continue
skończyło,is over
znieść,bear
interesujące,interesting
taylor,Taylor
wpaść,drop
szpital,hospital
zasługuje,deserves
własnych,own
miecz,sword
pracujemy,We work
rolę,role
zabiją,kills
dotyczy,refers to
poprosić,ask
ofiarą,victim
pozycji,position
zginąć,die
prysznic,shower
łóżko,bed
sprawić,make
rozmawiałam,I was talking
zakupy,shopping
grze,game
zejdź,go down
gówna,shit
dumna,proud
żołnierzy,soldiers
sędzia,judge
city,city
obrony,defense
próba,attempt
wpadł,he fell
wroga,enemy
dostała,she got
wierz,believe
zostawiła,left
rozwiązanie,solution
miejsc,places
kochał,he loved
pełno,full
carl,Carl
tylu,so many
zadziała,will work
jezus,Jesus
wolałbym,I would rather
wielkiej,great
idiota,idiot
raka,cancer
zasad,principles
południu,south
klub,club
kłamiesz,you lie
kurde,damn
chwile,moments
piekła,hell
chuck,chuck
sensie,meaning
zajmij,take over
kawał,piece
lily,Lily
śladów,traces
powtarzam,I repeat
thomas,Thomas
najgorsze,the worst
zdarzyło,happened
środek,center
zdaniem,in mind
klienta,client
zostawcie,leave
funtów,pounds
wstyd,shame
lady,counter
wziąłem,I took
stworzyć,create
kłamie,lies
planety,planets
morderca,murderer
przeze,by
aha,I see
odnośnie,with regard
para,couple
ciele,calf
połowie,half
filmie,film
bazy,database
czyste,clear
jeff,Jeff
wymiar,dimension
świadków,witnesses
dowiem,I will find out
władzy,power
amen,Amen
chloe,chloe
wysoko,high
rachunek,bill
sypialni,bedroom
dosłownie,literally
piekło,hell
mężczyzny,man
cudowne,wonderful
czekał,was waiting
gratuluję,congratulations
pozwólcie,let me
załatwię,I will arrange
helen,Helen
włosów,hair
potrafią,they can do
josh,Josh
dotąd,so far
przystojny,handsome
simon,Simon
głównie,mainly
dupku,asshole
hank,hank
niewinny,innocent
swojemu,your own
piersi,breasts
oddział,branch
złą,bad
słuchasz,you are listening
komórki,cells
starszy,older
okiem,eye
firmę,company
smith,smith
kurs,course
lois,Lois
pomyłka,mistake
znalazłaś,you found
ust,mouth
prawej,right
bilet,ticket
stanów,states
pomimo,despite
starym,old
drużyna,team
sukces,success
bronić,defend
łazienki,bathrooms
ważna,important
szansy,chances
decyzji,decision
świadka,witness
dali,give
litość,mercy
musieliśmy,We had to
przeznaczenie,destiny
jackie,Jackie
dowiedział,he found out
pyta,asks
tv,tv
strona,side
nareszcie,at last
niemal,almost
szukają,are looking
postawić,put
pracą,job
anna,Anna
operacja,operation
starych,old
dostaje,gets
rada,advice
cofnąć,back
herbaty,teas
mowa,speech
poprzednio,previously
ono,it
piosenka,song
kamień,stone
trzymał,held
złota,gold
zostawiłem,I left
francji,France
dzwonić,call
miej,have
spotkaliśmy,We met
wolna,Free
specjalnie,especially
pacjentów,patients
samochodem,by car
samolotu,aircraft
zakładam,I assume
szalone,crazy
przyjdziesz,will you come
szukałem,I was looking
jednostki,units
zwrócić,return
dwaj,two
siedział,sat
szczegóły,details
kolana,knees
marzenia,dreams
miesiącu,month
praktycznie,practically
królowa,queen
odwiedzić,visit
sa,are
ed,ED
grasz,you play
ważnego,important
punktu,point
umie,can
al,AL
uderzył,hit
przerwy,break
zapomniałeś,You forgot
żonie,wife
porze,time
goście,guests
krwią,blood
strzelaj,shoot
poprostu,just
skończę,I will finish
baru,bar
większy,greater
położyć,put
zdrowia,health
rzeczach,things
sprawach,cases
nienawidzi,hates
znałem,I knew
zabawny,funny
żonaty,married
przesłuchanie,hearing
przyszło,it came
widzieli,they saw
ruszamy,We start
wykonać,perform
prędzej,sooner
zaczynasz,you start
usłyszałem,I heard
spod,bottom
byc,to be
dookoła,around
odpowiedz,response
skupić,focus
dyrektor,director
królową,Queen
las,forest
tysiąc,thousand
wodą,water
drzewa,trees
okna,windows
odrobinę,a bit
piwa,beer
bezpieczeństwo,security
wdzięczny,grateful
zabieraj,take
oficjalnie,officially
mądry,clever
phil,phil
brakowało,lacked
dziewięć,nine
przenieść,move
typu,type
bogiem,God
rozmawiał,he talked
filmy,movies
jackson,Jackson
terry,Terry
immunitet,immunity
cud,miracle
wywiad,interview
odsuń,move away
zajmiemy,we will take
palców,fingers
martwa,dead
znają,know
forsę,poverty
święty,holy
meksyku,Mexico
poznałam,I met
ludzkie,human
umieram,I'm dying
mogły,they could
czekałem,I waited
gliną,clay
wszelkie,all
wiecznie,eternally
doświadczenie,experience
walkę,fight
cudem,miracle
zabójstwo,murder
tatę,dad
twego,Your
miejmy,Let's have
poprosił,he asked
istnieją,they exist
dupie,ass
prosił,asked
oddam,I will give
świadkiem,witness
opowiedzieć,tell
tańczyć,dance
profesorze,professor
miejscach,places
zastanawiałem,I wondered
swe,its
polega,depends
naszymi,ours
zabijesz,you will kill
opieki,care
dachu,roof
pozostać,stay
zegarek,watch
twarzą,face
bać,scorch
zapłacę,I will pay
gorsze,worse
pojedziemy,we will go